,chemical_code,chemical,TotalItems,TotalCost
0,0208020N0,Phenindione,46337,11681207.259380003
1,0208020H0,Acenocoumarol,277411,1387642.2026600002
2,0208020X0,Dabigatran Etexilate,2376163,120277350.86172014
3,0208020AA,Edoxaban,639818,28790153.61385998
4,0208020V0,Warfarin Sodium,88169160,138096280.10858995
5,0208020Z0,Apixaban,11940070,548030354.3689802
6,0208020Y0,Rivaroxaban,13485646,623954475.2215011
